duration_s,start_row,end_row,distance_m,distance_eligible_for_drift_ratio,baseline_error_m,baseline_drift_ratio,speed_diagnostic_error_m,speed_diagnostic_drift_ratio,phone_imu_error_m,phone_imu_drift_ratio
15,20697,20847,92.09869444444445,True,116.29177630240055,1.2626864800189952,9.939868842934974,0.1079262730367028,18.3414294377868,0.19914972246268564
15,20847,20997,62.57447222222223,True,75.49885336649533,1.2065439896700116,33.70588304773697,0.5386522946296128,4.404795128523097,0.07039284507075413
15,20997,21147,72.47108333333334,True,99.6520450345727,1.3750594092297412,20.33612485599152,0.280610195413456,39.74371202014567,0.5484078641041289
15,21147,21297,162.61475000000002,True,42.23985459543262,0.2597541403558571,24.344599452624937,0.14970720339098967,19.498946175039126,0.11990884083417479
15,21297,21447,125.93569444444445,True,149.0622247536598,1.1836376129201196,18.287568882885708,0.14521354698967517,16.806843753131115,0.13345575952293115
15,21447,21597,150.73691666666667,True,88.18435340506772,0.5850216082107804,12.96912585298893,0.08603815269532356,10.487767110677082,0.0695766328687039
15,21597,21747,137.39047222222223,True,22.78679966811214,0.16585429323843962,5.8387930647506785,0.04249780185125736,4.047421688243366,0.02945926033136318
15,21747,21897,153.0173333333333,True,105.8028563337376,0.6914436033416973,23.365111621443056,0.15269584897643226,27.189897205302334,0.1776916157993147
15,21897,22047,125.97497222222223,True,63.37212565140079,0.5030533012510704,34.13674749681436,0.2709803931259972,7.586996528609928,0.060226221087997724
15,22047,22197,116.52419444444445,True,34.63184372885831,0.29720732156934004,21.766561661055324,0.18679864524987577,13.22368834258286,0.11348448625308931
15,22197,22347,75.32761111111112,True,38.310360937753046,0.508583245541184,41.997971435086605,0.5575375458693093,18.117532138045714,0.24051648354176078
15,22347,22497,155.03008333333332,True,22.473698392577347,0.1449634671501543,28.95444412288715,0.1867666165193991,11.106554161000588,0.07164128356378524
15,22497,22647,134.21861111111113,True,29.127343675005836,0.21701419373869948,0.3455180340690783,0.002574293022470972,13.33291224629788,0.09933728367417245
15,22647,22797,131.51624999999999,True,23.27475356477589,0.17697245446685023,52.88493228867993,0.4021170941893487,3.099456707252115,0.02356710069859896
15,22797,22947,97.84744444444446,True,104.13363846518544,1.0642448462137417,2.1049724224240136,0.02151279917810392,15.012378838156923,0.15342637636980502
15,22947,23097,88.64916666666669,True,93.8067312486341,1.0581795043980569,33.0439693011894,0.372749914564221,23.64201379719014,0.2666918899089873
15,23097,23247,154.65900000000002,True,45.29925858950788,0.29289765606597656,27.64754594554664,0.17876454616638304,6.120556446478678,0.03957452489980329
15,23247,23397,128.84122222222223,True,71.5777392050359,0.5555499860252827,12.81639317723023,0.09947432161986809,17.955753687816937,0.1393634224987969
15,23397,23547,137.03713888888893,True,13.346934139408667,0.09739647403344062,24.71922520970708,0.18038340124533447,20.421661544397168,0.14902282483404192
15,23547,23697,119.54147222222224,True,67.73398459899732,0.5666149440847013,13.233624028559468,0.11070320435705154,15.513972053185,0.1297789943923831
15,23697,23847,130.3398888888889,True,26.216020684247503,0.2011358219477686,13.4227127062053,0.10298238567356602,2.4748556886939075,0.018987707522166546
15,23847,23997,86.14102777777778,True,88.47812176333963,1.0271310204423258,8.907575927912564,0.10340689167178123,13.761310824200528,0.1597532694838661
15,23997,24147,77.26552777777779,True,46.816629343962276,0.6059187155054564,13.4820212564345,0.17448947343257573,43.769116660454614,0.5664766412563479
15,24147,24297,0.9908611111111111,False,0.8574321287265669,,0.7750054506648518,,20.39882239650928,
15,24297,24447,55.299055555555555,True,52.34108365262073,0.9465095402947139,0.8800626424562082,0.015914605296867387,28.127017568510514,0.5086346825625807
15,24447,24597,83.6225,True,69.24714228872456,0.8280922274354936,14.995728643630134,0.17932648083506392,16.708242190363986,0.19980558091858036
15,24597,24747,151.55225000000002,True,9.194631937498267,0.06066971580757307,15.439999555354325,0.10187905197946136,3.0220596874119647,0.019940711453719524
15,24747,24897,167.15058333333332,True,0.7438600931634458,0.00445023928920447,2.2642647997718925,0.01354625724073289,17.49851253923227,0.10468711619352572
15,24897,25047,106.31308333333332,True,66.560445145609,0.6260795290539719,24.731689416639863,0.2326307227784589,27.690515622052466,0.26046197470570776
15,25047,25197,0.3147222222222223,False,0.2371619956455354,,0.09016033924715347,,6.601119147549459,
15,25197,25347,93.61675,True,91.44543174491758,0.9768063059753472,8.274729869872115,0.08838941610205561,10.162561925923566,0.10855495331683236
15,25347,25497,75.07488888888888,True,66.65926989332407,0.8879036769801956,22.333165379199194,0.29747850059761477,9.286156993552353,0.12369191791007378
15,25497,25647,70.00894444444444,True,39.58648810298961,0.5654490067966023,10.058216085732823,0.14367044333477297,4.902096836194814,0.07002100767402472
15,25647,25797,105.45169444444446,True,51.921756542612215,0.4923747960253627,1.8339688847092719,0.017391554439890666,10.468679804425172,0.09927464759649195
15,25797,25947,130.36599999999999,True,95.68197763949479,0.7339488642705522,17.950858213281077,0.13769585791756347,13.556338358000984,0.10398676309774776
15,25947,26097,37.073,False,89.10926423716354,,7.647504808833899,,7.974766463628053,
15,26097,26247,115.6973888888889,True,60.676296815797684,0.5244396385995258,10.288266197578125,0.08892392729328197,2.4352592980354455,0.02104852427027692
15,26247,26397,156.1853055555556,True,26.58375727621911,0.17020651963166397,30.59616884782275,0.1958965905210564,3.197871188514883,0.020474853105674467
15,26397,26547,165.17830555555557,True,15.916444971832867,0.09635917330850435,9.325142305997572,0.056455006452776464,7.446945968572431,0.0450842859994574
15,26547,26697,115.99416666666667,True,61.34586922649214,0.5288702957173893,18.80182036716667,0.16209280955651506,13.933657909810986,0.12012378130921227
15,26697,26847,21.929055555555554,False,51.766553097784076,,1.5890696409085974,,46.64793904506888,
15,26847,26997,46.45077777777777,False,41.580858930231635,,6.288529290043592,,93.67164935244112,
15,26997,27147,140.48594444444447,True,37.54208473101352,0.26723018362779793,14.87768359539836,0.10590158078968376,8.001642006834054,0.05695688660155126
15,27147,27297,117.59113888888888,True,38.560512951940126,0.32792022695158785,9.112397973519505,0.07749221633213156,15.19454191371286,0.12921502468030424
15,27297,27447,47.29725,False,37.469982809748025,,16.513972799710483,,17.347826087980156,
15,27447,27597,76.44380555555556,True,75.7770894663254,0.9912783503596558,14.237490187691302,0.18624779449715126,24.912514194810758,0.3258931709869622
15,27597,27747,169.00650000000002,True,51.5835650583938,0.30521645651731616,16.856605855431308,0.09973939378326459,31.31743414665589,0.18530313417919364
15,27747,27897,198.4208888888889,True,7.6723396151309915,0.038666995486686506,17.507224275399835,0.08823276809934802,7.947418023923218,0.04005333343896866
15,27897,28047,201.41499999999996,True,56.9662727790026,0.2828303392448557,8.879336883391385,0.04408478456615141,5.377631156497503,0.026699258528399095
15,28047,28197,208.62572222222227,True,3.055986735365577,0.01464817810006393,9.772102610420921,0.04684035365501073,19.65929443469485,0.09423236130851746
15,28197,28347,206.96402777777777,True,3.456634827242724,0.016701621360762246,10.36248137667675,0.05006899743854615,12.170777940471213,0.05880624798015271
15,28347,28497,204.65194444444444,True,8.553263083181703,0.04179419407130824,2.1428723374491914,0.010470813474390923,11.299999264227091,0.05521569460237711
15,28497,28647,191.41844444444448,True,3.3018468614162617,0.01724936628233106,2.0706134693473683,0.01081720978015953,9.109517956846949,0.04758955169281407
15,28647,28797,87.10569444444445,True,98.96126814876418,1.1361056103155363,26.42722519067743,0.30339262386034443,57.45693572424622,0.6596231864139714
15,28797,28947,111.27494444444444,True,20.869714623409504,0.18755088782658524,10.160192482196825,0.09130710002079077,8.527569161422509,0.07663512396251984
15,28947,29097,97.00650000000002,True,90.47779433034893,0.932698265892996,19.301638930923176,0.1989726351422139,27.54240080444054,0.2839232505496079
15,29097,29247,127.93325,True,39.18307622354392,0.30627750192810643,26.61052576741038,0.20800320297819666,13.92283225086486,0.1088288795201002
15,29247,29397,171.65619444444445,True,11.517677435694846,0.06709735977178777,12.285753960480902,0.0715718649143018,31.6839331739952,0.1845778608604161
15,29397,29547,93.33525000000003,True,108.29518733984857,1.160281751426696,15.223399657193038,0.16310450400243245,25.90693288272787,0.27756858081729957
15,29547,29697,183.07252777777776,True,9.730475437789881,0.053150931796829726,5.579094925460344,0.030474779548750854,42.07386786586131,0.2298207621677273
15,29697,29847,131.93097222222224,True,97.9596579728089,0.7425069058674665,13.685624320872599,0.10373321813941286,23.77740359748913,0.1802260924556736
15,29847,29997,220.26788888888888,True,35.29731376002499,0.1602472059730424,24.703812426771666,0.112153489786399,82.18232904220004,0.37310172379985806
15,29997,30147,219.74105555555553,True,45.63173441893762,0.20766139629014788,45.68523448114272,0.2079048649586215,85.83093192716717,0.3906003441649399
15,30147,30297,113.79191666666668,True,136.3961038856149,1.1986449291047905,6.465430325895853,0.05681801058712447,12.135106428900247,0.10664295658581706
15,30297,30447,108.69283333333334,True,39.171901143227295,0.3603908366533883,23.954886566434062,0.22039067187595068,16.54302744047652,0.1521997995005177
15,30447,30597,96.74044444444445,True,67.93727920321273,0.7022634596456434,20.497426500177266,0.21188063191035278,21.94879767311478,0.22688336609533988
15,30597,30747,86.53450000000001,True,33.906999230952295,0.3918321505405623,6.997581124594959,0.08086463924324931,21.476261220565434,0.24818149085700422
15,30747,30897,77.64599999999999,True,48.045422084855275,0.6187752374218284,9.396721928637435,0.12102003874813173,3.5434241320831297,0.04563563006572303
15,30897,31047,83.74588888888889,True,8.735502896711601,0.10430963253971262,17.300037697497554,0.20657775476537887,6.788599008764654,0.08106187776896762
15,31047,31197,94.74922222222222,True,29.438223269367704,0.31069619970414225,11.96263569022142,0.12625576664011642,3.7705723058277245,0.039795285041858475
15,31197,31347,63.35722222222222,True,75.67839849270696,1.1944715351829795,10.248732062902933,0.16176107006326806,10.241939487567953,0.16165385931291104
15,31347,31497,82.44336111111112,True,102.1279575442934,1.2387650887577573,3.764039874635973,0.045656070105670195,12.387561003699837,0.15025540973523374
15,31497,31647,24.43588888888889,False,69.90330218966184,,4.750534507003585,,12.301156308819518,
15,31647,31797,91.69200000000001,True,16.083119382388652,0.17540373622986358,1.7812644959921657,0.019426607512020303,19.913855475375936,0.21718203851345738
15,31797,31947,32.87136111111111,False,30.026261080058944,,24.782737809899128,,32.019162571669625,
15,31947,32097,18.014694444444444,False,8.106935842131069,,1.9433383263728898,,23.617192649184364,
15,32097,32247,68.45422222222224,True,56.2281862021761,0.8213983648757722,11.084519771436383,0.16192602021615,25.285614042495045,0.3693799041410567
15,32247,32397,87.35300000000001,True,29.786527512445236,0.3409903210244094,11.805189382941085,0.13514349115589716,25.7664421111142,0.2949691723365448
15,32397,32547,88.05652777777777,True,106.03420232767171,1.2041606114116032,9.688946195382863,0.11003098168751546,12.217267990111049,0.13874346738884516
15,32547,32697,75.89716666666668,True,21.040029991501747,0.2772175947477408,27.916317442270703,0.36781764943712036,3.0492122199082696,0.04017557379052274
15,32697,32847,102.18738888888889,True,37.05406735472985,0.3626090044733381,9.320341970347036,0.09120833863835483,24.15851421282529,0.23641385180213867
15,32847,32997,98.0095,True,16.183738059608206,0.1651241773461573,23.26741509631145,0.23739958979804457,9.364534263210393,0.09554720984404974
15,32997,33147,88.47500000000001,True,47.74363973931976,0.5396285927021165,0.776998779716474,0.008782128055569076,17.77832503628521,0.20094179187663416
15,33147,33297,125.59133333333335,True,18.53689155530319,0.147596900704161,44.28056251192412,0.35257657783119944,55.93218541054524,0.4453506776784908
15,33297,33447,96.25388888888888,True,95.62756252769847,0.9934929760405482,78.18854184109581,0.8123156658257529,14.393510421692767,0.14953692352428463
15,33447,33597,74.83277777777776,True,55.976699235547954,0.7480238058484944,25.80975206111119,0.34489902456588506,6.334575356272375,0.08464974232392429
15,33597,33747,85.64727777777779,True,49.778613898553985,0.5812048577622119,4.724604631516275,0.05516351195393312,14.722858021280054,0.17190106216195555
15,33747,33897,8.591722222222222,False,63.16473488248896,,0.27986113084125147,,9.070533085159353,
15,33897,34047,23.54072222222222,False,21.360088794248284,,9.666852407960775,,9.984058505307734,
15,34047,34197,76.78672222222222,True,15.928382952936847,0.20743668295724105,57.706597681257186,0.7515179188695307,22.03636924463047,0.2869815067878116
15,34197,34347,93.0575,True,45.51990972306766,0.4891589578816072,5.303516232497051,0.056991819385831886,42.67490566512402,0.45858641877467177
15,34347,34497,101.39213888888888,True,55.21387673467285,0.5445577669012316,54.699961898020376,0.539489180299901,39.08476402067311,0.38548120642276185
15,34497,34647,99.90766666666667,True,3.521830915212266,0.03525085744382913,5.844549476963768,0.058499509316573314,41.434416258051584,0.4147270939305784
15,34647,34797,94.6586111111111,True,38.09231682125416,0.4024178716983399,5.185181998322067,0.054777710526891794,33.44937427032467,0.35336853010722397
15,34797,34947,111.7498611111111,True,105.61318803564934,0.9450856312979202,24.79405295776123,0.22187099573313027,24.380052402740517,0.21816628817551567
15,34947,35097,195.33380555555556,True,16.419453123275158,0.08405843052397423,12.91083058020786,0.0660962424987714,52.06132131157086,0.2665248913955343
15,35097,35247,163.05213888888886,True,42.438937945699834,0.26027832713448584,44.05386636128504,0.27018269531137734,23.92387934433144,0.14672533281292469
15,35247,35397,142.20374999999999,True,127.66076189143938,0.8977313319194423,69.1515910783739,0.4862852848702928,29.860676363443076,0.20998515414286248
15,35397,35547,210.98358333333337,True,32.666285450271396,0.1548285650199706,22.93329692509514,0.10869706809777127,55.37285665466191,0.26245102002641707
15,35547,35697,240.24325,True,8.670110077144273,0.03608888107009988,5.399507147143917,0.022475166928285883,85.15300826462307,0.3544449563707745
15,35697,35847,242.44955555555558,True,19.490470114555258,0.08038979518809287,16.79620835540356,0.06927712577948954,82.32675739182747,0.33956241826544775
15,35847,35997,255.65072222222227,True,9.046009884432756,0.03538425319436253,10.730413657178453,0.041972944820594445,96.76976385681125,0.3785233345544588
15,35997,36147,258.20886111111116,True,37.77648539161003,0.14630204877188255,3.8440398910751763,0.014887327547682525,109.09630880680126,0.4225118701865753
15,36147,36297,144.38188888888888,True,130.62508969007834,0.9047193570836486,48.129957212174936,0.3333517630401277,9.442584383066372,0.06540006129392756
15,36297,36447,61.76177777777778,True,96.04224956218994,1.5550434753959828,6.997439132512473,0.11329724279779702,26.85330095301208,0.4347883419034943
15,36447,36597,72.64938888888888,True,6.302538247374686,0.08675280472095763,18.555851231161665,0.2554164806470881,6.64613343036222,0.09148230332022368
15,36597,36747,72.84772222222222,True,1.689285765737777,0.023189273654769946,12.658565480238638,0.17376748502339773,18.543121767089918,0.2545463495828197
15,36747,36897,12.80425,False,33.67084336403967,,5.671457202578556,,17.297413621852286,
15,36897,37047,108.3588888888889,True,80.92249813086067,0.7468007374442398,17.406701085690592,0.16063934638107452,5.2699674395374085,0.04863438056236649
15,37047,37197,78.6141388888889,True,73.97131753593995,0.9409416497010672,33.36024490984286,0.4243542622401974,26.793066666560595,0.34081740314460723
15,37197,37347,133.50730555555558,True,24.30212647734642,0.18202843938928664,8.331150648022257,0.062402207979214044,14.41561858539587,0.10797625287551914
15,37347,37497,39.24125000000001,False,15.056277188265529,,31.32156039178197,,14.877893313837394,
15,37497,37647,174.79411111111114,True,64.0097230307284,0.3662006839008405,53.95227335438032,0.30866184799603774,32.75760270279184,0.1874067867307547
15,37647,37797,223.34113888888888,True,14.994354252397843,0.06713655319836737,16.314443655262178,0.07304719469250372,74.06348289252549,0.3316159452798873
15,37797,37947,213.13102777777783,True,17.536531360331747,0.08228051796670498,24.78783873360924,0.11630328531730448,45.86297626338247,0.2151867644123677
15,37947,38097,128.03136111111112,True,160.14022608213668,1.250789062088937,12.29471775360782,0.09602895452261836,21.70376864901915,0.16951915890500988
15,38097,38247,101.65466666666669,True,59.99137075187584,0.5901487134731558,29.81107433385019,0.2932582960662588,14.075659331784783,0.13846545164463459
15,38247,38397,81.19755555555557,True,55.06183094210267,0.678121780457162,22.954730553045398,0.28270223648961595,23.300170727785833,0.2869565539056628
15,38397,38547,68.81305555555556,True,25.78234900934005,0.3746723467107912,18.97532677112093,0.2757518412447385,36.23297790997653,0.5265422036189656
15,38547,38697,103.04677777777778,True,69.41765973617314,0.6736519203528476,8.987498859431897,0.0872176603019417,41.18055044926388,0.3996296763210828
15,38697,38847,54.23663888888889,True,63.401862395131126,1.168985831238887,19.05941349376076,0.35141214286538947,26.868956566176575,0.4954023168954344
15,38847,38997,53.462361111111115,True,52.70530803823286,0.9858395129368703,7.438637562540485,0.139137842174249,12.965696334946179,0.24252008451328033
15,38997,39147,95.91463888888887,True,61.440764654324546,0.6405775527706448,13.46472493740687,0.14038237638578732,16.50965564076195,0.17212863262600983
15,39147,39297,43.04266666666666,False,11.91612989080662,,4.219489265424865,,7.984512529352722,
15,39297,39447,144.98208333333332,True,5.530546714512894,0.03814641497320344,3.352784377602713,0.023125508342256403,10.786044886760887,0.07439570903366259
15,39447,39597,74.6926111111111,True,62.15413049202279,0.8321322493273619,14.452753960390428,0.19349643486008042,4.294172122789417,0.057491257286500536
15,39597,39747,89.21100000000001,True,9.633084800688495,0.10798090819168593,16.19063524544599,0.18148698305641667,17.878362411508245,0.20040535821264466
15,39747,39897,85.89111111111113,True,60.754531757969936,0.7073436467642872,35.6505610130723,0.4150669440863763,9.123220685244593,0.1062184499329918
15,39897,40047,119.68077777777779,True,39.838076516536596,0.3328694653915734,3.1444420669411204,0.02627357647006349,1.0159451060681604,0.008488790973221767
15,40047,40197,122.66688888888889,True,32.913586536806434,0.26831679546890125,13.654848529448326,0.11131649830800572,10.520510724212635,0.08576487770666512
15,40197,40347,72.78352777777778,True,40.87447011936201,0.5615895707083571,8.777921984387477,0.1206031399190786,26.096885523897658,0.3585548313016169
15,40347,40497,60.68197222222223,True,55.00056005219168,0.9063739696985331,5.23225534753365,0.08622421381382782,22.25148022698822,0.3666901290798777
15,40497,40647,44.98172222222222,False,6.126334170889739,,3.8342177696535553,,22.165781819099532,
15,40647,40797,91.14133333333332,True,88.65993922619732,0.9727742176202235,20.062752941881154,0.22012792887838475,18.61584404988079,0.20425248752721917
15,40797,40947,157.82236111111112,True,16.82715204290759,0.1066208357576201,12.514666863964868,0.0792959044324157,12.21537027859943,0.07739949011407506
15,40947,41097,76.29372222222223,True,122.11201739955322,1.6005513146137391,10.867708001662063,0.1424456388430948,13.920058100137227,0.18245351904042642
15,41097,41247,134.91941666666668,True,65.0985005812859,0.4824991256975187,1.4828667174547505,0.0109907584400423,19.525761700909975,0.14472165818171692
15,41247,41397,140.33591666666666,True,94.73904381465913,0.675087647303351,14.343645558671811,0.10220936948551526,21.346678500580236,0.15211129843035123
15,41397,41547,151.74375,True,13.730259335632601,0.09048319509457622,2.149774290961965,0.014167135654430348,5.5383495354806325,0.036498040515544346
15,41547,41697,128.44216666666665,True,12.550241850622207,0.09771122814513569,1.1509590384264818,0.00896091266829415,13.78360913914562,0.10731373891345876
15,41697,41847,123.53569444444446,True,11.647353620330076,0.09428330550704142,13.567293843715557,0.10982488830235976,8.821584944998827,0.07140919865040306
15,41847,41997,47.33883333333334,False,79.45566155427078,,10.60797248902456,,4.40762400549565,
15,41997,42147,168.43025,True,130.63760938469073,0.7756184496828256,76.0036344869203,0.4512469374528643,48.449864305457325,0.2876553606341932
15,42147,42297,201.68294444444447,True,11.85403385998756,0.058775589044679326,14.093243982707985,0.06987821415206533,30.041998533099665,0.1489565645516199
15,42297,42447,57.99197222222223,True,108.76040665090078,1.8754390044562812,58.441281119755,1.007747777499462,20.20789837568341,0.34846027133286295
15,42447,42597,2.4920277777777784,False,20.22343770518832,,7.2611172012352485,,1.0553272846565533,
15,42597,42747,0.17702777777777776,False,0.39857593736174407,,0.45264701492202347,,0.6001161284018159,
15,42747,42897,0.2127777777777778,False,0.26830182993469315,,0.35864645117839916,,0.8288296009959428,
15,42897,43047,0.1733888888888889,False,0.20119156452211373,,0.5006149836025433,,0.7111555745006732,
15,43047,43197,33.57725000000001,False,33.963594135897615,,1.5376533426868269,,1.4308795671535641,
15,43197,43347,121.67541666666666,True,59.30994659554639,0.4874439572130475,0.8064328153380264,0.00662773826817682,5.16137506091357,0.042419210078016883
15,43347,43497,126.86394444444446,True,155.1480950836916,1.222948693287975,24.954257607252934,0.19670094380662081,6.6535470001169,0.052446319789706555
15,43497,43647,150.1656388888889,True,20.880682945399396,0.13905100460997943,39.89105774318229,0.2656470417490024,13.499913298987964,0.08990014892139785
15,43647,43797,145.20727777777776,True,7.920039347564874,0.05454299170655578,3.487281870411752,0.024015889036557908,16.49748290000108,0.11361333365982172
15,43797,43947,123.16833333333335,True,39.86538693877901,0.3236658795316356,15.092976836600831,0.12253942574471925,4.457127082953486,0.03618728095387195
15,43947,44097,28.414749999999998,False,45.71559811822237,,22.643133565210576,,15.264270478724592,
15,44097,44247,124.13513888888889,True,107.43155984313523,0.8654403644667871,20.544680483740347,0.1655025375379772,10.40701726976428,0.08383619145163572
15,44247,44397,122.22355555555555,True,50.503311935239594,0.41320440814932596,55.04720682114122,0.45038132437670775,42.68594584527207,0.34924483788126737
15,44397,44547,61.77530555555555,True,65.61722892230388,1.0621918958101022,41.838636466648815,0.677271218497214,29.923840837399993,0.48439810322733234
15,44547,44697,97.7203888888889,True,102.22459648923204,1.046092812887437,18.730365526090655,0.19167305553181596,11.156343763984143,0.11416597795849186
15,44697,44847,137.4406666666667,True,72.02421739903338,0.5240386207796336,27.2190153918412,0.19804193367204173,14.671123541719023,0.10674514244972877
15,44847,44997,75.46641666666666,True,88.19921556984295,1.1687213924495283,22.950197307287297,0.30411139578360746,9.857539986384074,0.13062154560649925
15,44997,45147,155.5235277777778,True,61.39616130899853,0.39477088892122736,1.2010656457261255,0.007722726348146415,5.833832863592521,0.037510934499430104
15,45147,45297,78.62886111111112,True,87.97000754390511,1.1188004798847835,11.20766952861336,0.14253887656818157,30.854527541390436,0.3924071531163301
15,45297,45447,163.41825,True,106.65687643583948,0.6526619666765461,36.532903719277165,0.22355461351028522,43.39362945101098,0.26553723008911784
15,45447,45597,173.5466388888889,True,42.65466610879188,0.24578215044603083,41.854181519409074,0.24116964631165053,24.913809751215602,0.14355685544083838
15,45597,45747,94.45536111111113,True,88.55853388376032,0.9375702219759219,14.787754658697795,0.15655812952006445,26.389914722500773,0.2793903322380759
15,45747,45897,119.02533333333332,True,156.1467342194716,1.311878151033435,10.923716960251427,0.09177640300875524,38.8040707879946,0.32601522466921273
15,45897,46047,161.34655555555557,True,1.9249272836790552,0.011930389694723018,16.544076070489986,0.10253752249947137,8.65549343018489,0.053645356111767704
15,46047,46197,62.052388888888906,True,92.03510627702464,1.4831839341725075,36.52309707609966,0.588584867240131,34.23622283835526,0.5517309397976392
15,46197,46347,0.20780555555555555,False,0.524917295860052,,0.688215787983257,,0.9289424955390272,
15,46347,46497,0.1885,False,0.2652493457386287,,0.23906775197053615,,0.475917179672023,
15,46497,46647,0.19622222222222221,False,0.8534599090065845,,1.1389904284536927,,0.6787167393355659,
15,46647,46797,57.34777777777778,True,57.95302257974934,1.0105539364457483,10.03881410395866,0.1750514927162303,10.836384050021236,0.18895909257394672
15,46797,46947,147.15480555555555,True,42.36973354457789,0.28792626502830715,19.56342675150274,0.1329445319685257,9.01434243019176,0.06125754708560002
15,46947,47097,195.62158333333332,True,20.87875618772531,0.10673033022204167,32.29139130810439,0.1650706980174106,28.583576156460463,0.14611667930197103
15,47097,47247,110.03544444444445,True,147.87539184308315,1.3438887132204353,35.004344478646026,0.3181188084928333,20.419755536767607,0.18557434506548742
15,47247,47397,25.764333333333333,False,62.60878547712152,,4.993113409056428,,30.66295961743392,
15,47397,47547,14.127111111111113,False,20.479362497289102,,2.4769695646637664,,34.520564613940685,
15,47547,47697,67.24608333333333,True,35.82114636774371,0.5326874754947618,16.53677556606422,0.2459143305654365,38.11728675375467,0.5668328155977561
15,47697,47847,122.733,True,35.760701000927575,0.29136989237554345,18.982340263812826,0.15466370302862983,6.287306217606742,0.051227511896610865
15,47847,47997,127.66002777777778,True,31.346843208599196,0.2455493998729636,5.74371982853508,0.044992312225823505,26.8360695047606,0.21021513132893152
15,47997,48147,5.333055555555556,False,31.641865724160464,,24.980447698516667,,1.931128496587351,
15,48147,48297,0.26452777777777775,False,0.7010325572019571,,0.8237173074167012,,1.4366838288107122,
15,48297,48447,1.9279444444444451,False,1.8488268673027388,,1.573062843686808,,1.521128306960859,
15,48447,48597,8.789416666666666,False,7.0528501770978975,,4.350321456129328,,12.595582612649647,
15,48597,48747,86.28152777777778,True,82.18652074834577,0.9525390064953544,27.981710641462307,0.32430708359187316,18.677753580935747,0.2164745347235992
15,48747,48897,83.49122222222223,True,91.97261958591692,1.1015842999773124,45.959510045864754,0.5504711611903084,6.051374912406311,0.07247917507183961
15,48897,49047,185.7873611111111,True,97.2856763830284,0.5236399064027084,70.18720078383498,0.3777824302152565,61.624610047820475,0.33169430729448574
15,49047,49197,209.91880555555554,True,20.932234793941394,0.09971586270483816,32.0243410779184,0.15255584650057985,40.61699648067448,0.1934890796142849
15,49197,49347,53.86419444444446,True,102.2085766180219,1.8975235343664119,26.95087114784686,0.5003485418433946,17.774626074282637,0.3299896388985338
15,49347,49497,0.19438888888888894,False,0.12172962756800569,,3.31160155189828,,7.593290156938184,
15,49497,49647,105.21119444444444,True,89.93528118782372,0.8548071492079962,30.53245678249878,0.29020159825883446,26.3793810602187,0.25072789259272243
15,49647,49797,212.8318611111111,True,17.8181214142782,0.08371923884542862,6.105072184134177,0.028684954180553637,76.55773483716104,0.3597099345816145
15,49797,49947,212.44322222222223,True,31.491325894245968,0.14823408139283945,1.085267145494022,0.005108504447173178,51.81674495264487,0.24390867550692175
15,49947,50097,207.05466666666663,True,33.13054286159244,0.16000867497919605,1.0997980675958359,0.005311631393299528,40.919647680188504,0.1976272659725379
15,50097,50247,149.63841666666664,True,43.05018854497313,0.28769476117133336,45.08063800252485,0.3012637998098184,2.343771007245306,0.015662896330066574
15,50247,50397,2.5798055555555557,False,34.17587748030892,,1.7370458217551625,,5.670203917672861,
15,50397,50547,2.6836388888888885,False,2.8350532086735067,,0.8964321637601177,,0.4289427157308252,
15,50547,50697,96.90844444444446,True,47.55320597556935,0.4907023969704785,12.741328231387872,0.13147799765470597,13.427330513894928,0.13855686767929218
15,50697,50847,6.706,False,32.80489164336685,,26.60102245398021,,2.7897873586787307,
15,50847,50997,79.22188888888888,True,77.0358674807565,0.9724063457866,1.2326660796667943,0.01555966535202974,4.501232250783881,0.056818037463067766
15,50997,51147,3.9179444444444442,False,40.95678896783982,,16.920444925042666,,2.2899528695395563,
15,51147,51297,39.265111111111125,False,32.82949490916778,,0.4520416673497772,,2.538768918534946,
15,51297,51447,83.3135,True,15.67447104911768,0.1881384295356416,33.816609677921264,0.40589591936386377,56.7524488900311,0.681191510259815
15,51447,51597,28.910500000000003,False,36.42514650867304,,11.52348267324224,,20.7386050645344,
30,20697,20997,154.67316666666667,True,205.769496762867,1.330350319951211,18.946683569178482,0.12249496132713268,23.600203767167326,0.15258111200391788
30,20997,21297,235.0858333333333,True,312.33315992697123,1.3285920104088418,49.41092287465155,0.21018247749787086,87.03670520875579,0.3702337311212818
30,21297,21597,276.6726111111111,True,254.76916261374387,0.9208326100317503,35.927616415004756,0.12985606443196615,23.109783876330386,0.08352754464390964
30,21597,21897,290.40780555555557,True,203.0220532781586,0.6990929630481991,21.946683708052625,0.07557194844011926,21.85878308394517,0.0752692684761999
30,21897,22197,242.4991666666667,True,246.90597353101978,1.0181724618889538,63.79935245463066,0.26309101730781476,37.93164004093812,0.15641967171408058
30,22197,22497,230.3576944444444,True,153.8441121583227,0.6678488102138279,124.25511936165358,0.5394007769582896,20.48823280346408,0.08894095269044831
30,22497,22797,265.7348611111112,True,59.72378482219139,0.22474952880653173,10.671744139224224,0.040159368231186154,14.637093906928044,0.055081572081759594
30,22797,23097,186.49661111111115,True,159.26829514109926,0.8540010147755994,8.533984344946148,0.04575946068994124,25.97242416315014,0.13926485853234224
30,23097,23397,283.5002222222222,True,155.4608362557132,0.5483623082801499,55.47318116899213,0.19567244333766118,22.000063067176374,0.077601572565723
30,23397,23697,256.5786111111112,True,29.01371155981323,0.11307922914606809,63.776517235495334,0.24856521344203925,31.42975761191693,0.12249562609997253
30,23697,23997,216.4809166666667,True,29.512067140317804,0.13632641433129156,12.321570859075939,0.05691758446333847,10.334207705249788,0.047737268782736215
30,23997,24297,78.25638888888889,True,55.10866963317646,0.7042066522060153,13.037602079877297,0.16660112056011853,63.96716912828098,0.8174050711578803
30,24297,24597,138.92155555555556,True,113.20126968186347,0.8148574872284208,9.749565323471153,0.07018036390740127,40.20173545356215,0.28938443204722997
30,24597,24897,318.70283333333333,True,34.32805755736727,0.10771180537784343,44.68740815193794,0.1402165386625198,19.414117131674498,0.06091604812113217
30,24897,25197,106.62780555555555,True,237.8163821751017,2.2303411472835184,28.508266266307036,0.2673624024969131,34.26125198579438,0.32131630025850505
30,25197,25497,168.6916388888889,True,139.78363453869937,0.8286340417308402,5.253719740935867,0.031143924948149344,19.010013140753816,0.11269090315303076
30,25497,25797,175.4606388888889,True,104.9457814185198,0.59811580581886,12.32147831024882,0.07022360335785305,12.560667385366518,0.07158680981049322
30,25797,26097,167.439,True,210.96504461356454,1.259951651727283,23.195611343968505,0.1385317121098938,21.00018627431586,0.1254199217286048
30,26097,26397,271.88269444444444,True,265.8708496412868,0.9778880931887112,16.617919171798913,0.06112165103319792,17.997318295825043,0.06619515939622465
30,26397,26697,281.1724722222222,True,87.84516707361902,0.31242449297878405,4.106009728447106,0.014603171128366925,18.73030477668471,0.0666150019191117
30,26697,26997,68.37983333333332,True,131.0506294448588,1.9165099278031605,13.104284973657018,0.19163961558340084,62.05919874826274,0.9075658088509928
30,26997,27297,258.07708333333335,True,57.87100550517741,0.22423922634940427,14.70201594773179,0.05696753759706207,27.88595242625718,0.10805280370531613
30,27297,27597,123.74105555555558,True,96.69712364071944,0.7814473798254103,38.86635524161255,0.31409425971934485,43.64032600389962,0.3526745897549466
30,27597,27897,367.42738888888886,True,123.97949130969242,0.337425829045053,12.228334000708912,0.03328095392585662,42.01195875442761,0.1143408467220503
30,27897,28197,410.04072222222226,True,142.97027428968642,0.3486733549654696,28.499370745869896,0.0695037570693396,26.14587718975634,0.06376409896085038
30,28197,28497,411.6159722222223,True,21.755441255013324,0.05285373436205737,22.24596882203335,0.054045446054807725,36.88540059921932,0.08961119851613948
30,28497,28797,278.5241388888889,True,123.22455313240077,0.44241965390855587,45.28410311945287,0.16258591912393622,65.92634460824985,0.23669885443771077
30,28797,29097,208.28144444444445,True,29.791179225895515,0.14303328510784266,0.8873638911138626,0.004260407802916653,36.99738102287244,0.17763167103798758
30,29097,29397,299.5894444444445,True,38.769986362286005,0.12941038838728333,51.85308598808138,0.17308048380755603,55.86676819327588,0.1864777589106139
30,29397,29697,276.40777777777777,True,299.9586759780287,1.0852034569706828,51.8361771931202,0.18753516131081768,62.25392667449711,0.22522494545919436
30,29697,29997,352.19886111111117,True,269.7093014577831,0.7657869778650296,80.25748589267451,0.22787548386578968,106.20229127040317,0.3015407004308814
30,29997,30297,333.53297222222227,True,325.3703157461227,0.975526688046119,129.3354233717979,0.3877740257884485,79.81223170753559,0.23929337833010186
30,30297,30597,205.4332777777778,True,102.0198423299942,0.49660816121695517,46.515549985955374,0.22642655800036635,35.184272487271926,0.17126861269930968
30,30597,30897,164.1805,True,116.3729726464089,0.7088111721331638,25.306040715743265,0.1541354832988282,27.59572819637865,0.16808164304761317
30,30897,31197,178.4951111111111,True,137.2477461459819,0.7689159960271785,19.928784768725922,0.11164891096832612,23.128938210693672,0.12957743249503445
30,31197,31497,145.80058333333335,True,124.13167243095165,0.8513798065345073,25.6024116498479,0.17559882865019102,14.102885480533649,0.09672722260850795
30,31497,31797,116.12788888888889,True,162.269115793926,1.3973311436771663,2.635055886422038,0.02269098243009703,32.82379988548478,0.2826521708053315
30,31797,32097,50.88605555555555,True,91.2450708442064,1.7931252451781872,26.47400654833541,0.5202605361980169,42.5119963677534,0.8354350893112621
30,32097,32397,155.80722222222224,True,118.06455585974687,0.757760482318051,3.950600982624078,0.025355698704322437,45.25208453901922,0.290436373189927
30,32397,32697,163.95369444444447,True,244.2210049487746,1.4895730515638281,18.428330229035694,0.11239960338484543,22.198897816630474,0.13539736260199092
30,32697,32997,200.19688888888888,True,177.62789777837042,0.8872660247830102,26.695056086731512,0.1333440106631603,48.35228472396417,0.24152365699748776
30,32997,33297,214.06633333333335,True,75.59383840441477,0.35313277537530313,36.44894366938403,0.17026938847328021,73.60851211395355,0.3438584244787996
30,33297,33597,171.08666666666667,True,121.91030752927912,0.712564631157381,121.51861931926608,0.7102752171566034,20.507376025426634,0.11986542507945272
30,33597,33897,94.23900000000002,True,136.68613787819538,1.4504200795657356,5.32588473521224,0.056514656726113804,20.497659489397,0.21750718374979572
30,33897,34197,100.32744444444444,True,92.78131429988316,0.924784985939317,12.49105218359927,0.12450284418951882,23.30759620207633,0.23231525861283883
30,34197,34497,194.4496388888889,True,101.08527464494605,0.5198532392374743,13.255495545939644,0.06816929885642015,83.09374582378902,0.4273278484783913
30,34497,34797,194.56627777777777,True,29.573010760446675,0.15199453419273015,6.654421594566661,0.03420131006549322,72.42961973199725,0.37226193849852096
30,34797,35097,307.0836666666666,True,300.71445103625535,0.9792590218179044,78.88956230339619,0.2568992456021091,81.00269567529479,0.26378054083619384
30,35097,35397,305.2558888888889,True,194.5452989270667,0.6373187414506519,70.6178074198656,0.23133970544158777,37.08243425191841,0.12147983250018861
30,35397,35697,451.2268333333334,True,94.34263467398604,0.20908028447034444,75.83097240961915,0.16805510401372956,140.7755563696702,0.31198400886251265
30,35697,35997,498.1002777777778,True,57.50735859429306,0.11545337587615111,18.981933410350532,0.038108658551720624,179.91338702585378,0.3611991300798275
30,35997,36297,402.59075000000007,True,174.55133237443135,0.4335701512626192,105.15428718014113,0.26119399708051194,103.3380641641513,0.2566826589139251
30,36297,36597,134.41116666666667,True,242.236576796459,1.8022057452800349,15.594938745054622,0.116024130522796,43.301970562648144,0.32216051416349195
30,36597,36897,85.65197222222223,True,71.20701481399121,0.8313528920180159,10.311051050699405,0.12038311299998558,27.067918109371323,0.31602212310002836
30,36897,37197,186.9730277777778,True,127.96410686870014,0.6843987519996133,54.68295746736199,0.2924644164844679,31.856230010568957,0.17037874601052563
30,37197,37497,172.74855555555555,True,58.94930933368747,0.34124342831178983,2.4419102270663853,0.014135633257327425,26.351749146035242,0.15254396229993702
30,37497,37797,398.13525000000004,True,182.82560576024335,0.4592047696360554,158.1860590840263,0.3973173917256166,110.19434444045874,0.27677615694781793
30,37797,38097,341.1623888888889,True,219.59046174766075,0.6436537815989377,64.60015408322207,0.18935309455891192,35.44504737180697,0.10389494424413487
30,38097,38397,182.85222222222225,True,166.39724325560132,0.9100094121545703,54.3985838570432,0.29750026111759265,27.08546347054032,0.14812761442747502
30,38397,38697,171.85983333333334,True,156.76216202156857,0.9121512512904522,17.913675610214952,0.10423421961238732,46.617841034616234,0.27125501131028035
30,38697,38997,107.69899999999998,True,179.83846875788421,1.6698248707776697,19.574336605328664,0.18175040256017852,42.893422562550796,0.3982713169347051
30,38997,39297,138.95730555555554,True,176.92217461692331,1.2732124727777576,39.676998659531996,0.28553373643006497,19.76120284316322,0.14221060752550813
30,39297,39597,219.6746944444444,True,69.12711527702913,0.3146794647961208,16.841789026236963,0.07666695096050875,11.529380452506231,0.05248388068395381
30,39597,39897,175.10211111111113,True,81.45776339070508,0.46520149228250035,12.133879208571575,0.06929601894332396,28.162554331577393,0.16083503592773266
30,39897,40197,242.34766666666667,True,111.53109516279648,0.460211136739353,7.652699291036789,0.031577359073824196,11.773502461164968,0.04858104318932292
30,40197,40497,133.4655,True,152.1324524075042,1.1398635033585773,8.804536161050219,0.06596862980358384,49.10736971653879,0.36794055180206714
30,40497,40797,136.12305555555554,True,108.10643750751308,0.7941816841114905,24.20281066373559,0.1778009651998868,47.86329051782296,0.35161780877221527
30,40797,41097,234.11608333333334,True,158.5077238656241,0.6770475637931358,33.68841669611213,0.1438962083102455,2.1621241751927913,0.009235265447843536
30,41097,41397,275.25533333333334,True,277.63270305950385,1.0086369615345165,4.458958912002466,0.016199355187798237,27.312913816676282,0.09922755532442465
30,41397,41697,280.1859166666666,True,34.77986319070352,0.12413137535417475,14.15144495348135,0.05050733856233442,13.947444767949179,0.0497792499133433
30,41697,41997,170.87452777777779,True,74.50168524662881,0.4360022890217915,34.54192782795506,0.2021479051159504,7.859369472471495,0.045994974058934046
30,41997,42297,370.11319444444445,True,289.73501803221455,0.7828281249662528,141.2153236633041,0.38154631011000373,91.74214527477712,0.24787591107765275
30,42297,42597,60.484000000000016,True,272.8690255935845,4.511424932107408,98.11015250819199,1.622084394355399,21.332630954927154,0.352698746030804
30,42597,42897,0.3898055555555555,False,0.6956870373841515,,0.6813814279067073,,1.4178533428032027,
30,42897,43197,33.75063888888888,False,33.5502697359432,,0.7720153130253454,,0.42417313947986957,
30,43197,43497,248.53936111111108,True,86.504299529535,0.3480507036906026,6.306816302689884,0.02537552311430616,15.086895812583279,0.06070223945670556
30,43497,43797,295.3729166666667,True,79.78189224426511,0.27010564524539776,108.28065711059712,0.36658966005604926,11.061194780078695,0.03744823630042371
30,43797,44097,151.58308333333335,True,199.40226295061768,1.3154651466755647,14.30868523776927,0.09439500057077127,16.384694765335915,0.10809052306520074
30,44097,44397,246.35869444444444,True,209.17627947839605,0.8490720408715542,12.746271102855882,0.05173866963209717,32.273453798135215,0.1310018867850962
30,44397,44697,159.49569444444447,True,178.33309986553738,1.1181060434684922,85.61945950311396,0.5368136099306237,35.83588618941101,0.22468246753766363
30,44697,44997,212.90708333333333,True,95.28691064409293,0.4475516227654533,43.91699515515268,0.20627305802876925,32.2108121541674,0.15129046741830213
30,44997,45297,234.1523888888889,True,42.48314370736817,0.18143374026189188,27.399456667458484,0.11701549062760236,36.62835179488132,0.15642954559930788
30,45297,45597,336.96488888888894,True,216.1458624074223,0.6414492118752895,54.63544723697243,0.1621398817459227,72.51588139083586,0.21520307836804714
30,45597,45897,213.48069444444445,True,256.4067814918503,1.2010771379543963,31.01863605929216,0.14529949014834384,84.04180539009667,0.3936740303792081
30,45897,46197,223.39894444444445,True,96.84098714532274,0.43348900947652175,7.498825235636675,0.033566968072678185,31.74130055920271,0.14208348494276898
30,46197,46497,0.3963055555555555,False,0.6845675024140296,,0.7265154451670404,,1.3829977200879047,
30,46497,46797,57.54400000000001,True,56.75048867705847,0.9862103551553326,11.57608906174341,0.20116934974529765,15.171447900608465,0.2636495186397967
30,46797,47097,342.7763888888889,True,132.9635047516977,0.38790158558674204,71.04595622013053,0.2072661902134692,38.05568498021333,0.11102189711365766
30,47097,47397,135.79977777777776,True,358.7066461256757,2.6414376517807114,47.05055819614976,0.34647006766935295,52.581473860925065,0.3871985265467016
30,47397,47697,81.37319444444444,True,81.45553459862171,1.0010118830253554,32.66123220350416,0.4013758145601968,174.0014529058986,2.1383141474763394
30,47697,47997,250.39302777777777,True,192.80012650412405,0.7699899961880445,21.13161143864703,0.08439376937204977,25.93669556964017,0.10358393682055246
30,47997,48297,5.597583333333334,False,68.19850867256339,,53.01796309666171,,1.7508644055950535,
30,48297,48597,10.717361111111112,False,6.877175291400844,,3.0913861625629724,,1.7664976910369201,
30,48597,48897,169.77275,True,159.1415699864899,0.937379938691515,38.482800716906056,0.22667242367756932,26.637503677417964,0.15690093773834707
30,48897,49197,395.70616666666666,True,215.8374716870328,0.5454488453015418,115.77671588868319,0.29258254139418227,100.479288366724,0.2539239891385502
30,49197,49497,54.058583333333345,True,257.2512141243788,4.758748717814694,43.74360084419127,0.8091888123383045,25.364494674306375,0.46920383610323435
30,49497,49797,318.0430555555556,True,297.0767330400284,0.9340770938107629,118.22947806279747,0.3717404797796165,112.61830663070059,0.35409767534140824
30,49797,50097,419.4978888888889,True,32.908929636337774,0.07844837961760104,13.354635320403105,0.031834809361675494,92.2606265863752,0.21993108673500852
30,50097,50397,152.2182222222222,True,225.3879817574826,1.4806898836884352,95.341998253843,0.6263507539501674,6.472374336812985,0.04252036479156888
30,50397,50697,99.59208333333333,True,99.4084716769874,0.9981563629336743,14.71801786952247,0.14778301022443185,15.08821178587178,0.1515001120658531
30,50697,50997,85.9278888888889,True,6.873194810634332,0.07998793988203155,53.85085314501982,0.6266981982375122,4.590574732634184,0.05342357169475134
30,50997,51297,43.183055555555555,False,70.8402801545567,,30.485952304597866,,5.431247786927892,
30,51297,51597,112.224,True,97.96372424157568,0.8729302488021784,38.32251303509891,0.34148233029564895,78.84923663010042,0.7026058296808206
60,20697,21297,389.759,True,432.76388416159176,1.1103371164273095,61.24991789892881,0.15714818105272438,88.80948582051498,0.2278574345185486
60,21297,21897,567.0804166666667,True,510.7388709156275,0.9006462856146255,59.863598997043596,0.1055645676303292,51.84512807977706,0.09142464905511266
60,21897,22497,472.8568611111112,True,371.19511480204727,0.7850052422414241,159.2112980547426,0.3367008309462414,64.47351241595874,0.13634889903989117
60,22497,23097,452.23147222222224,True,326.7544394732748,0.7225380353729799,18.637175250258213,0.04121158387910712,41.64532609610192,0.0920885180579334
60,23097,23697,540.0788333333334,True,620.6391011690622,1.1491639050886624,55.05410760100488,0.10193716954470204,85.98365293988509,0.1592057448524677
60,23697,24297,294.73730555555557,True,178.71577293803904,0.6063561333071649,31.324183700945984,0.10627831329971099,75.2874900126036,0.255439296599027
60,24297,24897,457.6243888888889,True,425.0133889587997,0.9287385010023861,29.60985684479706,0.06470340646985562,108.81159266820858,0.23777489860713696
60,24897,25497,275.31944444444446,True,609.924411375914,2.2153335831642944,31.260604744582327,0.11354303292185479,70.17946757329695,0.25490196565995965
60,25497,26097,342.8996388888889,True,356.7903048211022,1.0405094212908004,39.07099987430154,0.11394296010606728,15.501329929631666,0.0452066090820662
60,26097,26697,553.0551666666667,True,678.4529771655363,1.2267365320075718,45.74586002497882,0.08271482264725036,69.3406216946364,0.12537740513764853
60,26697,27297,326.45691666666676,True,365.69877181192487,1.1202053108445136,56.2982687619526,0.17245236932577143,105.79224198758187,0.32406187949021914
60,27297,27897,491.1684444444445,True,469.1083257033491,0.9550864494846624,50.77710246893938,0.10338022127291348,136.5341846154931,0.27797833138471567
60,27897,28497,821.6566944444445,True,327.4651677776908,0.39854256649013653,56.868522160459996,0.06921202315391724,101.25188315197104,0.12322893957607388
60,28497,29097,486.8055833333334,True,588.8566240850336,1.209634080309679,71.7961916785835,0.14748432256460386,88.32177533413002,0.18143131130370152
60,29097,29697,575.9972222222223,True,333.9909095777691,0.5798481254635529,92.89163362692554,0.1612709750032224,88.51540382409496,0.15367331717781327
60,29697,30297,685.7318333333333,True,628.0421897180175,0.9158714226013293,151.12275577848322,0.2203817125477135,177.4896760625454,0.25883248732929676
60,30297,30897,369.61377777777784,True,238.3600754000158,0.6448895840222832,67.54973785744377,0.18275762950064206,55.544506770834815,0.15027715445236928
60,30897,31497,324.2956944444445,True,367.33158629094584,1.1327057145184327,29.115494044277654,0.08978069873593547,49.05008440498806,0.15125111201064956
60,31497,32097,167.01394444444443,True,298.65457735265056,1.7882014483646609,25.569092452416537,0.1530955546105424,74.73275848191187,0.4474641846853153
60,32097,32697,319.7609166666667,True,288.9603693142825,0.9036763226930199,36.27631003381572,0.11344823004629985,67.22587778847875,0.21023794430311216
60,32697,33297,414.2632222222223,True,491.3105642840561,1.185986440332624,8.025460697556376,0.019372853458980956,146.37380964576687,0.3533352752401658
60,33297,33897,265.3256666666667,True,302.46091755879496,1.1399610198239205,147.326603540034,0.5552670625157535,23.679826026048165,0.08924815425338231
60,33897,34497,294.77708333333334,True,223.35929079265418,0.7577227112328808,85.69811678259873,0.29072177461533355,164.44320256474185,0.5578561287913614
60,34497,35097,501.6499444444444,True,466.0778681349246,0.9290898430200878,145.97217759597493,0.29098413986197647,155.8033224596783,0.3105817596216895
60,35097,35697,756.4827222222223,True,567.6502607732389,0.7503809989284692,61.0814892462819,0.08074406387875012,170.9211369489618,0.2259418912395893
60,35697,36297,900.6910277777778,True,167.77547345236542,0.1862741698074955,95.8584241703303,0.10642764412435213,289.1291543185244,0.3210081430830679
60,36297,36897,220.06313888888886,True,500.62557786287937,2.2749179185145048,13.942129610747687,0.06335513380906171,55.642732771179574,0.2528489462257189
60,36897,37497,359.72158333333334,True,292.3316881583644,0.812660962540792,80.87952886252272,0.22483924404273598,65.98055228197809,0.18342116608787887
60,37497,38097,739.2976388888889,True,215.25290349805422,0.2911586513674842,243.94660775652162,0.3299707653918059,150.37981382284886,0.20340902758577573
60,38097,38697,354.7120555555556,True,396.3859013120367,1.1174864093390084,122.98013723153277,0.346704137357044,78.98538715080065,0.2226746622047917
60,38697,39297,246.65630555555555,True,503.5704847876109,2.0415877212358122,38.55774203820332,0.15632173664223956,77.3667311841625,0.3136620854265444
60,39297,39897,394.7768055555556,True,397.6652510568849,1.0073166545265102,36.98634976063647,0.09368926755609888,51.90761231713639,0.13148597279946228
60,39897,40497,375.81316666666675,True,302.4742589311629,0.8048527453521795,38.99805960386257,0.10376980654978621,53.26954516630356,0.14174475481736326
60,40497,41097,370.23913888888893,True,348.5822489056199,0.9415056710420656,54.7310115786088,0.1478261097485804,110.99379364268164,0.2997894657376879
60,41097,41697,555.44125,True,766.1273126606418,1.3793129564299407,50.63724668907104,0.09116580140396674,60.543083924270555,0.10899997780912123
60,41697,42297,540.9877222222223,True,344.05952294138865,0.6359839767307304,124.32989820945095,0.22982018464067802,71.75310148733499,0.1326335118893158
60,42297,42897,60.87380555555557,True,606.3284140979597,9.960415790739468,176.79321093297034,2.904257575479204,22.81238518422126,0.3747487934428853
60,42897,43497,282.28999999999996,True,223.68842820815732,0.7924064905174018,5.038193945198527,0.017847582079416655,14.021305126539716,0.049669861229727295
60,43497,44097,446.95599999999996,True,240.3188326016861,0.5376789496095502,165.8082230652166,0.3709721383429613,21.978285743617565,0.04917326480373363
60,44097,44697,405.85438888888893,True,136.49898023244435,0.33632500711927443,31.63740870345494,0.07795260953089345,65.38490137122162,0.16110433485818998
60,44697,45297,447.0594722222222,True,209.7533701765449,0.4691844893340761,59.059723994656636,0.13210708566599727,115.12466904356626,0.25751533341036253
60,45297,45897,550.4455833333334,True,217.4765296500338,0.3950917878803953,77.83612703710337,0.14140567095797393,47.230739188466224,0.08580455656025257
60,45897,46497,223.79525,True,415.33117122027835,1.8558533803567248,7.308786561603174,0.03265836322086002,32.63438427347497,0.145822506391333
60,46497,47097,400.32038888888894,True,398.1795911930411,0.9946522891282412,10.95061353069452,0.027354623533136908,103.21365045970215,0.25782761339280585
60,47097,47697,217.17297222222226,True,757.0290499818985,3.4858345503844212,26.03411047681177,0.1198773042999677,80.6448773692107,0.3713393823550512
60,47697,48297,255.99061111111106,True,404.93959556596496,1.5818533101989571,80.42197903601274,0.31415987753201663,25.75532581281246,0.10061043137880368
60,48297,48897,180.4901111111111,True,161.94828638076345,0.897269581052376,18.725002967008667,0.10374531242590576,44.94680338862012,0.24902640433829928
60,48897,49497,449.76475000000005,True,95.17607172852138,0.21161300819711054,104.83020432066519,0.23307785752588475,78.50087063099895,0.1745376235709867
60,49497,50097,737.5409444444444,True,708.2947965510539,0.9603464077300544,233.8643129684769,0.31708654920119195,232.80360387258426,0.3156483794237952
60,50097,50697,251.81030555555554,True,504.6169764284413,2.003956809135083,171.24663262767487,0.6800620500811618,12.58343483413226,0.04997188183529703
60,50697,51297,129.11094444444447,True,71.55441814174716,0.5542087733122929,104.26186237620962,0.8075369816620989,3.601098427696809,0.027891504033156045
120,20697,21897,956.8394166666667,True,1416.8566514735044,1.4807674378731133,63.77718982941601,0.06665401604335663,338.2023139273823,0.3534577568988272
120,21897,23097,925.0883333333336,True,632.674031770916,0.6839066162376377,292.8455320959416,0.3165595344184518,157.5008932328578,0.17025497734399175
120,23097,24297,834.816138888889,True,1373.6176215044782,1.6454133521336987,102.9816265221064,0.12335845190914892,177.11524678977946,0.2121607843201422
120,24297,25497,732.9438333333334,True,530.5578165841841,0.7238724066635176,32.158548213335045,0.043875869815402015,177.9487201609926,0.2427862983057036
120,25497,26697,895.9548055555556,True,967.6033449916504,1.0799689214141417,80.50101736551676,0.0898494174777046,62.19684106975982,0.06941961880676935
120,26697,27897,817.6253611111113,True,396.4385098288378,0.4848657205178886,39.670900968270594,0.048519655645661304,134.82545353562614,0.1648988154579809
120,27897,29097,1308.462277777778,True,521.1032490462411,0.39825622633252744,37.8455019651809,0.028923647710697224,120.29403654850329,0.09193542572186661
120,29097,30297,1261.7290555555555,True,458.60882789467394,0.3634764737130846,32.43294687768645,0.02570515970515223,332.35946009573746,0.2634158725538704
120,30297,31497,693.9094722222222,True,440.3569301314222,0.6346028520423472,70.24014047512075,0.10122378103613287,139.64904978317668,0.2012496663807675
120,31497,32697,486.77486111111114,True,732.9774249066041,1.5057832346426263,30.74212419972352,0.06315470796817983,111.86525250949161,0.22980901736410186
120,32697,33897,679.588888888889,True,968.4991432545801,1.425125041167245,34.59877575332862,0.05091133230547186,211.05189021726082,0.3105581825540518
120,33897,35097,796.4270277777778,True,290.3625041247693,0.36458142930552,212.4458160401021,0.26674862684265854,491.13167031811435,0.6166687633498443
120,35097,36297,1657.17375,True,1209.9661188793577,0.7301383568737785,79.44815664876018,0.04794195940453448,456.4438499322922,0.27543511954150385
120,36297,37497,579.7847222222222,True,778.0216861300082,1.3419147768295367,15.737177543883702,0.027143139411410524,161.88366315841532,0.2792133993078347
120,37497,38697,1094.0096944444444,True,406.1898280123218,0.37128540092013673,219.84419333583597,0.20095269214910966,201.51594812636202,0.18419941719867028
120,38697,39897,641.4331111111111,True,1169.006657093168,1.8224919120065024,47.52298085317766,0.07408875536664582,142.7563851770757,0.2225584908296806
120,39897,41097,746.0523055555557,True,977.1230827027706,1.3097246338179274,57.58409636197033,0.0771850658903731,170.9781135573833,0.22917711303105304
120,41097,42297,1096.4289722222222,True,1379.8334570787583,1.2584795659696377,98.15469531199463,0.08952216495433944,145.27353688913408,0.13249698846857022
120,42297,43497,343.16380555555554,True,1066.0940374365455,3.1066622416971454,314.9300835866677,0.9177252335129585,73.04875800869884,0.21286848095893615
120,43497,44697,852.810388888889,True,925.680281669129,1.0854467695629049,195.7370870455993,0.22952005462858113,93.65930024900881,0.10982429561046482
120,44697,45897,997.5050555555556,True,688.1451837200395,0.6898663619672387,165.93038231742287,0.16634540486114002,272.32843841068086,0.27300958215094845
120,45897,47097,624.115638888889,True,654.3840855460761,1.0484981384396552,32.365633088525094,0.051858391413080955,268.97550833597563,0.43097062719792095
120,47097,48297,473.1635833333333,True,1477.9284761951965,3.1235042768581547,63.442909391186916,0.13408240115235748,67.07845322777094,0.14176588306990576
120,48297,49497,630.2548611111112,True,516.443678307656,0.8194203808237018,76.80332772474429,0.12186074628499248,208.40286239567945,0.33066442681342356
120,49497,50697,989.3512500000002,True,941.7421668279784,0.9518784828219282,269.2125246372415,0.2721101576788238,296.61056155344085,0.29980308970493624
